,avg_nighttime_flow,ks_flow_up,ks_flow_down,ks_flow_ml_up,ks_flow_ml_down,ks_flow_ml,ks_occupancy_up,ks_occupancy_down,ks_occupancy_ml_up,ks_occupancy_ml_down,ks_occupancy_ml,Type,y,preds_classification,preds_unsupervised
771155,2.72,0.0009137765599866648,0.4916898698540652,2.0306071725849707e-18,1.1751744523287492e-27,2.4183748761022484e-24,0.0004667658986197036,0.3706474470171066,1.6188636261592282e-35,6.03860878154016e-24,1.301447928506993e-32,HV,-1,0,0
771147,1.16,0.8304634168517532,0.07105129403332416,4.368285871146157e-33,1.432670445339009e-38,9.35740462075703e-31,0.3706474470171066,0.1912773309665048,3.7390849302645935e-40,5.327908475744656e-44,1.432670445339009e-38,HV,-1,0,0
765508,0.64,0.5585594327069068,0.7667067650024223,3.100286222933405e-80,9.396684070010982e-100,1.849285113972924e-85,1.1590699874557619e-07,0.007668141618886344,2.34772524234844e-86,9.673899487102443e-97,2.9289359748596507e-87,HV,-1,0,0
762435,1.4,0.7667067650024223,0.003215407740347846,6.753592644361311e-92,9.47668660510157e-129,4.027109006544092e-107,0.007668141618886344,7.681152510188975e-05,4.350203988701023e-81,4.027109006544092e-107,1.849285113972924e-85,HV,-1,0,0
762449,0.48,0.003215407740347846,0.057064223622223874,1.947310292354278e-110,8.021360000743491e-125,4.291977629122087e-130,7.681152510188975e-05,0.5585594327069068,6.657385806928595e-104,4.091039708940215e-126,1.5157604415198047e-123,HV,-1,0,0
762453,0.68,0.057064223622223874,0.005780240642627514,5.079324882466892e-115,5.079324882466892e-115,1.947310292354278e-110,0.5585594327069068,0.005780240642627514,4.867742419195568e-121,7.413068747384114e-114,8.021360000743491e-125,HV,-1,0,0
762459,0.48,0.9952074388694079,0.10785099672172843,1.051485277589484e-112,2.545751991955837e-109,1.947310292354278e-110,0.07105129403332416,0.4287695983312896,7.413068747384114e-114,1.051485277589484e-112,1.947310292354278e-110,HV,-1,0,0
762463,0.46,0.10785099672172843,0.4916898698540652,8.27363146581813e-102,2.76373653837111e-122,9.784669328557811e-98,0.4287695983312896,0.6280441779187196,2.545751991955837e-109,2.008328584388832e-127,1.051485277589484e-112,HV,-1,0,0
768743,20.64,1.611617360768971e-70,2.174506309140792e-79,0.10785099672172843,0.07105129403332416,2.157374287889546e-22,1.1791218157549974e-73,2.8393015726534797e-54,0.13147918885221888,0.02213087446680441,6.74314886880196e-21,HV,-1,1,1
717158,3.04,2.174506309140792e-79,0.0004667658986197036,4.581617798606835e-48,1.1087457832104336e-61,1.611617360768971e-70,2.8393015726534797e-54,4.1668484744741516e-13,5.8229685535173e-29,1.1528582747036718e-48,9.872297653033551e-52,HV,-1,0,0
775553,0.4,0.0004667658986197036,7.090400202592513e-08,2.9025390393525475e-65,5.364035185661792e-66,6.791643216314807e-57,4.1668484744741516e-13,5.437178785887903e-09,1.1791218157549974e-73,2.34772524234844e-86,1.1791218157549974e-73,HV,-1,0,0
762423,0.64,0.99999997867178,2.8875365205513342e-21,1.4317949897578241e-84,4.291977629122087e-130,2.9289359748596507e-87,0.8304634168517532,4.1407391555186358e-19,8.158025930448501e-83,4.291977629122087e-130,1.0898737981738663e-83,HV,-1,0,0
762474,1.24,2.8875365205513342e-21,4.1407391555186358e-19,1.1087457832104336e-61,1.8704944466796143e-74,5.109188225185946e-90,4.1407391555186358e-19,4.118975856424422e-16,1.3436456959073246e-59,1.611617360768971e-70,2.9289359748596507e-87,HV,-1,0,0
762436,0.64,4.1407391555186358e-19,0.10785099672172843,1.862702768515915e-131,8.290373807692452e-120,8.27363146581813e-102,4.118975856424422e-16,0.7667067650024223,2.008328584388832e-127,7.413068747384114e-114,2.9289359748596507e-87,HV,-1,0,0
762480,0.6,0.10785099672172843,0.9998945640423376,9.784669328557811e-98,2.76373653837111e-122,2.1826293224615767e-117,0.7667067650024223,0.270329069484192,8.27307591605843e-94,1.5157604415198047e-123,2.1826293224615767e-117,HV,-1,0,0
762482,0.54,0.9998945640423376,0.004326422589915993,3.379957407926212e-116,2.4333925226320094e-172,4.867742419195568e-121,0.270329069484192,0.0878469342643513,2.76373653837111e-122,2.4333925226320094e-172,9.47668660510157e-129,HV,-1,0,0
762484,0.6,0.004326422589915993,1.056206257475802e-05,9.47668660510157e-129,7.733242540770045e-133,2.4333925226320094e-172,0.0878469342643513,2.9449112249352205e-06,1.862702768515915e-131,1.383730858710159e-141,2.4333925226320094e-172,HV,-1,0,0
762491,0.6,0.9952074388694079,0.13147918885221888,8.915260028473413e-101,9.691482001619165e-99,4.027109006544092e-107,0.1912773309665048,0.31778103283453074,4.8782934102e-106,3.379957407926212e-116,2.492049316298831e-151,HV,-1,0,0
762494,0.36,0.13147918885221888,0.3706474470171066,1.051485277589484e-112,1.4505104598542114e-111,8.915260028473413e-101,0.31778103283453074,0.02213087446680441,1.104479781120624e-162,2.76373653837111e-122,8.021360000743491e-125,HV,-1,0,0
762496,0.44,0.3706474470171066,0.010101005217988923,1.947310292354278e-110,1.3666555610256647e-118,2.76373653837111e-122,0.02213087446680441,0.0878469342643513,4.291977629122087e-130,1.5157604415198047e-123,4.291977629122087e-130,HV,-1,0,0
762498,0.6,0.010101005217988923,3.125474645177883e-56,1.4505104598542114e-111,6.657385806928595e-104,1.947310292354278e-110,0.0878469342643513,7.325294280377919e-73,9.47668660510157e-129,3.2428031326104114e-108,4.867742419195568e-121,HV,-1,0,0
762500,5.74,3.125474645177883e-56,1.550147223214658e-64,1.2730014342732885e-39,1.2730014342732885e-39,1.6188636261592282e-35,7.325294280377919e-73,5.929425406405352e-91,1.562539637382827e-34,7.514925453973267e-30,4.354565666586339e-28,HV,-1,0,0
762502,0.48,1.550147223214658e-64,0.0001615202610968331,1.947310292354278e-110,8.290373807692452e-120,2.1826293224615767e-117,5.929425406405352e-91,1.065359541719866e-09,2.76373653837111e-122,3.9464694722571373e-143,1.1578060969070452e-135,HV,-1,0,0
762468,0.44,0.0001615202610968331,1.8961536661976062e-06,8.27307591605843e-94,1.4317949897578241e-84,9.369350799545508e-96,1.065359541719866e-09,2.9449112249352205e-06,9.784669328557811e-98,6.753592644361311e-92,2.545751991955837e-109,HV,-1,0,0
762470,0.84,1.8961536661976062e-06,0.15915169261452353,4.502681221145396e-76,5.474894405583734e-69,4.502681221145396e-76,2.9449112249352205e-06,0.5585594327069068,1.0898737981738663e-83,1.5013029860369303e-78,8.158025930448501e-83,HV,-1,0,0
768738,0.84,0.15915169261452353,0.8304634168517532,1.5013029860369303e-78,2.7490037202279296e-60,7.325294280377919e-73,0.5585594327069068,0.4916898698540652,4.350203988701023e-81,9.458659034036939e-70,1.849285113972924e-85,HV,-1,0,0
768746,0.64,0.8304634168517532,5.165007853947322e-22,4.485612300083269e-72,7.325294280377919e-73,1.4584160169770743e-57,0.4916898698540652,2.1012127091701567e-29,1.0204802729413187e-77,3.589940980859104e-88,8.171971774555529e-64,HV,-1,0,0
768330,0.96,0.9644366597493446,8.936182712091501e-23,3.8703874999769725e-45,5.028441612446024e-37,4.736365726008813e-38,0.99900988069365,5.053167175939877e-35,2.9025390393525475e-65,6.487501440845467e-59,5.55527835129394e-61,HV,-1,0,0
764274,2.52,0.9644366597493446,0.9999961756804284,1.2730014342732885e-39,1.5507212228858482e-37,4.291557865542528e-39,0.017159950487361218,0.3706474470171066,1.7207433867727158e-50,2.8393015726534797e-54,2.8696688656043787e-49,HV,-1,0,0
764267,2.56,0.9999961756804284,0.0878469342643513,3.7390849302645935e-40,4.354565666586339e-28,1.6149739485228108e-36,0.3706474470171066,0.99900988069365,7.038201470061759e-43,5.165007853947322e-22,2.8696688656043787e-49,HV,-1,0,0
764302,3.04,0.0878469342643513,0.15915169261452353,1.1751744523287492e-27,1.8472470418103187e-19,6.74314886880196e-21,0.99900988069365,2.9449112249352205e-06,1.8013198182556788e-47,3.8703874999769725e-45,5.165007853947322e-22,HV,-1,0,0
764288,4.44,0.9999961756804284,0.9316146421154724,9.917529278929078e-12,1.1590699874557619e-07,1.8961536661976062e-06,0.8863728099526584,0.4916898698540652,1.5617752839811438e-20,0.0023728159574303693,1.5617752839811438e-20,HV,-1,0,1
764309,4.88,0.9316146421154724,0.00033005044310849946,1.2120300423138108e-06,0.0023728159574303693,7.090400202592513e-08,0.4916898698540652,0.028341477459888364,9.395122187563395e-17,9.60323195352951e-25,4.54061202082523e-06,HV,-1,0,1
766992,6.04,0.00033005044310849946,0.9952074388694079,9.206783150259314e-19,2.1917351515813007e-26,6.95032278626318e-06,0.028341477459888364,0.003215407740347846,4.1668484744741516e-13,0.0012649386262903305,1.8472470418103187e-19,HV,-1,1,1
766994,4.44,0.9952074388694079,0.5585594327069068,3.5493236588966483e-05,7.681152510188975e-05,5.712209738808768e-26,0.003215407740347846,1.5528752782838206e-08,1.065359541719866e-09,9.917529278929078e-12,0.003215407740347846,HV,-1,1,1
766963,4.64,0.5585594327069068,0.02213087446680441,2.1917351515813007e-26,0.0006554171159690628,0.003215407740347846,1.5528752782838206e-08,0.0001615202610968331,1.056206257475802e-05,5.437178785887903e-09,0.00023171683026536514,HV,-1,0,1
773461,0.8,0.9998945640423376,0.6982502252503169,1.443464190565182e-44,5.137489589866043e-36,4.581617798606835e-48,0.99900988069365,0.8304634168517532,4.502681221145396e-76,1.8013198182556788e-47,8.171971774555529e-64,HV,-1,0,0
774619,0.8,0.6982502252503169,4.736365726008813e-38,2.6967458683474243e-46,4.581617798606835e-48,4.786653114517815e-34,0.8304634168517532,3.8703874999769725e-45,1.611617360768971e-70,1.611617360768971e-70,6.389935598753052e-55,HV,-1,0,0
773543,9.04,4.736365726008813e-38,1.562539637382827e-34,0.0009137765599866648,3.1816458280058333e-09,0.00023171683026536514,3.8703874999769725e-45,8.926402876821862e-42,0.017159950487361218,3.2576011413383126e-31,9.395122187563395e-17,HV,-1,1,1
775341,1.24,0.9998945640423376,1.4759498455555566e-25,3.131214759135169e-41,2.3253806034982664e-52,4.736365726008813e-38,0.8304634168517532,1.301447928506993e-32,2.3253806034982664e-52,8.158025930448501e-83,5.55527835129394e-61,HV,-1,0,0
773508,1.24,0.10785099672172843,0.13147918885221888,4.736365726008813e-38,4.736365726008813e-38,4.736365726008813e-38,1.974996115772736e-16,9.222878034006116e-09,4.321870695403195e-89,9.691482001619165e-99,4.321870695403195e-89,HV,-1,0,0
773536,1.28,0.13147918885221888,0.8863728099526584,4.291557865542528e-39,3.7390849302645935e-40,4.736365726008813e-38,9.222878034006116e-09,0.4916898698540652,4.144586221904174e-51,1.7207433867727158e-50,2.8393015726534797e-54,HV,-1,0,0
773440,1.28,0.8863728099526584,0.6280441779187196,5.137489589866043e-36,5.028441612446024e-37,4.736365726008813e-38,0.4916898698540652,0.028341477459888364,1.1087457832104336e-61,3.125474645177883e-56,6.389935598753052e-55,HV,-1,0,0
774166,1.36,0.6280441779187196,0.6982502252503169,1.6188636261592282e-35,3.8419455971679037e-32,3.8419455971679037e-32,0.028341477459888364,0.4287695983312896,2.6967458683474243e-46,1.027010718195644e-45,1.027010718195644e-45,HV,-1,0,0
774167,1.88,0.6982502252503169,0.5585594327069068,1.0874296217771751e-40,1.6149739485228108e-36,1.0874296217771751e-40,0.4287695983312896,0.017159950487361218,2.8393015726534797e-54,1.4527324837068053e-33,2.8393015726534797e-54,HV,-1,0,0
774949,2.6,0.5585594327069068,6.95032278626318e-06,1.301447928506993e-32,4.786653114517815e-34,5.8229685535173e-29,0.017159950487361218,1.1112747154054147e-13,3.0945381872832882e-58,5.415950550882713e-53,5.137489589866043e-36,HV,-1,0,0
774929,2.04,6.95032278626318e-06,0.9998945640423376,5.672737421572143e-14,1.8271704188765892e-11,1.5617752839811438e-20,1.1112747154054147e-13,0.9952074388694079,9.917529278929078e-12,6.74314886880196e-21,7.514925453973267e-30,HV,-1,0,0
766660,1.96,0.9998945640423376,0.0004667658986197036,2.8875365205513342e-21,1.0918261406495758e-10,6.096062772783974e-10,0.9952074388694079,7.090400202592513e-08,1.1751744523287492e-27,1.847969631608868e-09,4.1407391555186358e-19,HV,-1,0,0
774476,1.56,0.0004667658986197036,5.8229685535173e-29,2.157374287889546e-22,5.053167175939877e-35,1.4759498455555566e-25,7.090400202592513e-08,1.301447928506993e-32,7.006828784570818e-47,4.2529401493385765e-63,2.1012127091701567e-29,HV,-1,0,0
766643,10.92,5.8229685535173e-29,2.157374287889546e-22,6.74314886880196e-21,2.1012127091701567e-29,2.1917351515813007e-26,1.301447928506993e-32,1.4951013308512087e-23,5.165007853947322e-22,1.59942577801157e-28,2.157374287889546e-22,HV,-1,1,0
766619,3.12,2.157374287889546e-22,2.9449112249352205e-06,2.0306071725849707e-18,1.1590699874557619e-07,4.54061202082523e-06,1.4951013308512087e-23,2.8733970229373267e-14,8.936182712091501e-23,6.096062772783974e-10,4.3055912093737255e-08,HV,-1,0,0
774620,1.44,0.99999997867178,0.99999997867178,1.6149739485228108e-36,1.2730014342732885e-39,6.74314886880196e-21,0.31778103283453074,0.6982502252503169,1.2471698496702195e-53,2.8393015726534797e-54,5.137489589866043e-36,HV,-1,0,0
773542,1.32,0.99999997867178,0.9999961756804284,2.8875365205513342e-21,7.006828784570818e-47,3.7390849302645935e-40,0.6982502252503169,0.10785099672172843,1.301447928506993e-32,5.474894405583734e-69,1.7207433867727158e-50,HV,-1,0,0
773423,1.4,0.9999961756804284,0.9644366597493446,3.131214759135169e-41,4.736365726008813e-38,1.1528582747036718e-48,0.10785099672172843,0.4287695983312896,6.487501440845467e-59,1.7207433867727158e-50,2.174506309140792e-79,HV,-1,0,0
773538,1.0,0.9952074388694079,0.9316146421154724,8.336982992857103e-27,5.028441612446024e-37,1.4527324837068053e-33,0.07105129403332416,0.13147918885221888,5.8229685535173e-29,7.065707358075575e-50,5.415950550882713e-53,HV,-1,0,0
773438,1.24,0.9316146421154724,0.9999961756804284,1.5507212228858482e-37,1.6188636261592282e-35,4.291557865542528e-39,0.13147918885221888,0.045509644873646095,2.9025390393525475e-65,5.415950550882713e-53,1.3436456959073246e-59,HV,-1,0,0
776658,12.96,5.028441612446024e-37,3.029792736440307e-07,0.8304634168517532,0.017159950487361218,0.0004667658986197036,7.038201470061759e-43,4.844938835298689e-07,0.1912773309665048,1.0918261406495758e-10,0.1912773309665048,HV,-1,1,1
766641,3.12,0.5585594327069068,9.917529278929078e-12,1.4441813162158956e-14,2.9449112249352205e-06,9.206783150259314e-19,0.7667067650024223,1.5150272731082582e-12,1.2263118062588383e-21,7.090400202592513e-08,3.6706080577784147e-23,HV,-1,0,0
766621,1.56,9.917529278929078e-12,5.672737421572143e-14,4.291557865542528e-39,1.5507212228858482e-37,6.062430861827832e-11,1.5150272731082582e-12,1.1112747154054147e-13,8.171971774555529e-64,2.6967458683474243e-46,1.1112747154054147e-13,HV,-1,0,0
759996,0.16,7.681152510188975e-05,4.3055912093737255e-08,1.5157604415198047e-123,4.867742419195568e-121,8.171971774555529e-64,1.2120300423138108e-06,1.880854479644123e-07,4.029698017478608e-167,1.4016340930360373e-169,1.4214899107395563e-55,HV,-1,0,0
717385,0.24,4.3055912093737255e-08,0.8304634168517532,3.2576011413383126e-31,3.125474645177883e-56,1.611617360768971e-70,1.880854479644123e-07,0.9644366597493446,2.1012127091701567e-29,6.830414626887225e-77,8.290373807692452e-120,HV,-1,0,0
763602,0.24,0.8304634168517532,0.22823192819157445,3.1257827362111793e-68,2.8696688656043787e-49,2.8393015726534797e-54,0.9644366597493446,0.045509644873646095,1.5157604415198047e-123,4.144586221904174e-51,6.830414626887225e-77,HV,-1,0,0
773383,0.28,0.22823192819157445,1.5507212228858482e-37,5.327908475744656e-44,2.6967458683474243e-46,4.736365726008813e-38,0.045509644873646095,1.443464190565182e-44,1.550147223214658e-64,2.3253806034982664e-52,3.7390849302645935e-40,HV,-1,0,0
759967,7.6,1.5507212228858482e-37,1.432670445339009e-38,0.0017386399220547539,0.1912773309665048,0.045509644873646095,1.443464190565182e-44,5.028441612446024e-37,4.3055912093737255e-08,0.00011178528333976476,0.02213087446680441,HV,-1,1,1
717422,0.28,1.432670445339009e-38,1.443464190565182e-44,4.581617798606835e-48,2.3253806034982664e-52,2.6967458683474243e-46,5.028441612446024e-37,1.2471698496702195e-53,1.027010718195644e-45,9.782769088604499e-67,7.065707358075575e-50,HV,-1,0,0
768899,11.04,1.443464190565182e-44,1.0874296217771751e-40,0.9316146421154724,0.5585594327069068,0.0017386399220547539,1.2471698496702195e-53,4.485612300083269e-72,0.5585594327069068,0.4916898698540652,1.8961536661976062e-06,HV,-1,1,1
768909,0.2,1.0874296217771751e-40,0.4287695983312896,4.581617798606835e-48,2.3253806034982664e-52,3.7390849302645935e-40,4.485612300083269e-72,7.691068823747695e-07,6.006198800967882e-82,6.753592644361311e-92,6.830414626887225e-77,HV,-1,0,0
759979,0.4,0.03604044231430257,0.9952074388694079,1.443464190565182e-44,3.2576011413383126e-31,1.301447928506993e-32,0.6280441779187196,0.15915169261452353,1.550147223214658e-64,4.736365726008813e-38,1.027010718195644e-45,HV,-1,0,0
768229,0.48,0.9952074388694079,0.9952074388694079,3.2576011413383126e-31,9.35740462075703e-31,7.514925453973267e-30,0.15915169261452353,0.02213087446680441,4.736365726008813e-38,8.926402876821862e-42,3.2576011413383126e-31,HV,-1,0,0
759992,0.48,0.9952074388694079,0.99999997867178,7.514925453973267e-30,5.8229685535173e-29,3.8419455971679037e-32,0.02213087446680441,0.017159950487361218,7.038201470061759e-43,2.3253806034982664e-52,5.415950550882713e-53,HV,-1,0,0
765793,0.16,0.03604044231430257,5.364035185661792e-66,1.0898737981738663e-83,1.849285113972924e-85,5.079324882466892e-115,0.0023728159574303693,9.782769088604499e-67,1.0204802729413187e-77,9.396684070010982e-100,7.710155540109067e-165,HV,-1,0,0
759981,5.52,5.364035185661792e-66,1.443464190565182e-44,4.1668484744741516e-13,1.1590699874557619e-07,0.017159950487361218,9.782769088604499e-67,1.946405273800265e-43,4.368285871146157e-33,2.855826409809067e-12,7.691068823747695e-07,HV,-1,0,1
759982,0.32,1.443464190565182e-44,1.5934937884526227e-05,3.0945381872832882e-58,5.55527835129394e-61,2.923818974769737e-75,1.946405273800265e-43,0.00033005044310849946,4.485612300083269e-72,6.389935598753052e-55,1.4317949897578241e-84,HV,-1,0,0
773384,0.72,1.5934937884526227e-05,0.8863728099526584,2.8696688656043787e-49,4.144586221904174e-51,3.131214759135169e-41,0.00033005044310849946,0.03604044231430257,2.9025390393525475e-65,1.1087457832104336e-61,4.291557865542528e-39,HV,-1,0,0
717400,0.52,0.8863728099526584,0.013212113036973965,7.006828784570818e-47,1.7207433867727158e-50,5.415950550882713e-53,0.03604044231430257,3.5493236588966483e-05,2.3253806034982664e-52,2.707778156757583e-71,2.174506309140792e-79,HV,-1,0,0
759984,0.88,0.013212113036973965,0.9952074388694079,7.038201470061759e-43,5.415950550882713e-53,1.946405273800265e-43,3.5493236588966483e-05,0.0001615202610968331,2.8393015726534797e-54,1.0204802729413187e-77,9.872297653033551e-52,HV,-1,0,0
717412,0.88,0.9952074388694079,0.9999961756804284,1.0874296217771751e-40,7.006828784570818e-47,9.872297653033551e-52,0.0001615202610968331,0.9849045221984528,5.137489589866043e-36,9.872297653033551e-52,3.125474645177883e-56,HV,-1,0,0
717417,0.8,0.9999961756804284,0.9998945640423376,2.3253806034982664e-52,2.5192292563475036e-42,4.581617798606835e-48,0.9849045221984528,0.02213087446680441,6.389935598753052e-55,1.0874296217771751e-40,9.872297653033551e-52,HV,-1,0,0
763466,0.8,0.9998945640423376,0.99900988069365,4.581617798606835e-48,1.1528582747036718e-48,8.926402876821862e-42,0.02213087446680441,0.9849045221984528,2.9025390393525475e-65,8.171971774555529e-64,7.065707358075575e-50,HV,-1,0,0
759986,0.84,0.99900988069365,0.9849045221984528,7.038201470061759e-43,1.0874296217771751e-40,7.065707358075575e-50,0.9849045221984528,0.045509644873646095,1.7207433867727158e-50,1.2471698496702195e-53,1.550147223214658e-64,HV,-1,0,0
768908,0.88,0.9849045221984528,0.057064223622223874,1.1528582747036718e-48,7.006828784570818e-47,3.131214759135169e-41,0.045509644873646095,0.013212113036973965,1.1791218157549974e-73,1.3436456959073246e-59,8.171971774555529e-64,HV,-1,0,0
766212,1.2,0.057064223622223874,0.9998945640423376,4.786653114517815e-34,7.065707358075575e-50,4.291557865542528e-39,0.013212113036973965,0.8304634168517532,6.389935598753052e-55,4.502681221145396e-76,1.2471698496702195e-53,HV,-1,0,0
717429,1.2,0.9998945640423376,0.9998945640423376,4.291557865542528e-39,2.6967458683474243e-46,1.8013198182556788e-47,0.8304634168517532,0.03604044231430257,4.144586221904174e-51,1.611617360768971e-70,1.1791218157549974e-73,HV,-1,0,0
759987,1.16,0.9998945640423376,0.0009137765599866648,1.8013198182556788e-47,7.038201470061759e-43,1.027010718195644e-45,0.03604044231430257,0.07105129403332416,6.006198800967882e-82,7.325294280377919e-73,3.100286222933405e-80,HV,-1,0,0
759989,1.76,0.0009137765599866648,0.9999961756804284,1.6188636261592282e-35,1.301447928506993e-32,4.368285871146157e-33,0.07105129403332416,1.847969631608868e-09,6.830414626887225e-77,4.2529401493385765e-63,1.550147223214658e-64,HV,-1,0,0
759988,1.76,0.9999961756804284,0.9998945640423376,3.8419455971679037e-32,3.1437787896692645e-27,1.123834426382448e-31,1.847969631608868e-09,0.6982502252503169,3.131214759135169e-41,4.291557865542528e-39,1.432670445339009e-38,HV,-1,0,0
759990,1.84,0.9998945640423376,0.99999997867178,9.35740462075703e-31,2.1917351515813007e-26,1.4759498455555566e-25,0.6982502252503169,1.5934937884526227e-05,4.736365726008813e-38,2.6637411820421687e-30,5.137489589866043e-36,HV,-1,0,0
766554,1.92,0.99999997867178,0.99999997867178,2.1917351515813007e-26,2.1917351515813007e-26,2.1917351515813007e-26,1.5934937884526227e-05,0.00023171683026536514,2.3253806034982664e-52,5.137489589866043e-36,8.926402876821862e-42,HV,-1,0,0
768228,1.88,0.99999997867178,0.99900988069365,1.4759498455555566e-25,9.60323195352951e-25,1.4759498455555566e-25,0.00023171683026536514,0.9952074388694079,1.4527324837068053e-33,5.053167175939877e-35,2.4183748761022484e-24,HV,-1,0,0
759993,1.96,0.99900988069365,0.9952074388694079,6.03860878154016e-24,2.157374287889546e-22,1.4951013308512087e-23,0.9952074388694079,0.22823192819157445,5.712209738808768e-26,1.6188636261592282e-35,5.028441612446024e-37,HV,-1,0,0
760117,1.64,3.2576011413383126e-31,0.3706474470171066,2.1852873320537582e-62,6.487501440845467e-59,1.3436456959073246e-59,2.1917351515813007e-26,0.15915169261452353,1.027010718195644e-45,8.171971774555529e-64,1.760498322693652e-67,HV,-1,0,0
760122,1.92,0.3706474470171066,9.917529278929078e-12,1.1528582747036718e-48,1.432670445339009e-38,2.8696688656043787e-49,0.15915169261452353,5.712209738808768e-26,8.171971774555529e-64,1.2730014342732885e-39,3.0945381872832882e-58,HV,-1,0,0
774615,0.96,9.917529278929078e-12,0.9952074388694079,1.0204802729413187e-77,2.707778156757583e-71,1.8704944466796143e-74,5.712209738808768e-26,5.2402031702164816e-05,8.27363146581813e-102,2.9289359748596507e-87,8.290373807692452e-120,HV,-1,0,0
760166,1.0,0.9952074388694079,0.013212113036973965,2.707778156757583e-71,5.474894405583734e-69,3.1257827362111793e-68,5.2402031702164816e-05,0.0878469342643513,2.174506309140792e-79,1.1087457832104336e-61,1.760498322693652e-67,HV,-1,0,0
760139,1.76,0.013212113036973965,0.7667067650024223,3.125474645177883e-56,3.1257827362111793e-68,6.791643216314807e-57,0.0878469342643513,0.8304634168517532,5.364035185661792e-66,4.485612300083269e-72,3.125474645177883e-56,HV,-1,0,0
760173,1.84,0.7667067650024223,0.9998945640423376,6.389935598753052e-55,3.1257827362111793e-68,1.760498322693652e-67,0.8304634168517532,0.270329069484192,3.125474645177883e-56,1.0204802729413187e-77,1.1791218157549974e-73,HV,-1,0,0
760178,1.76,0.9998945640423376,0.0004667658986197036,1.550147223214658e-64,4.485612300083269e-72,2.9025390393525475e-65,0.270329069484192,1.4759498455555566e-25,5.364035185661792e-66,2.34772524234844e-86,4.485612300083269e-72,HV,-1,0,0
760188,1.2,0.0004667658986197036,3.587620938059541e-20,2.174506309140792e-79,9.396684070010982e-100,4.321870695403195e-89,1.4759498455555566e-25,1.2730014342732885e-39,2.008328584388832e-127,2.4333925226320094e-172,2.492049316298831e-151,HV,-1,0,0
760199,2.84,3.587620938059541e-20,0.004326422589915993,2.8696688656043787e-49,1.3436456959073246e-59,2.3253806034982664e-52,1.2730014342732885e-39,1.4759498455555566e-25,2.3253806034982664e-52,1.4214899107395563e-55,3.1257827362111793e-68,HV,-1,0,0
760213,1.88,0.004326422589915993,0.6280441779187196,5.55527835129394e-61,5.415950550882713e-53,5.364035185661792e-66,1.4759498455555566e-25,1.951573294880884e-10,1.104479781120624e-162,8.89236566793229e-95,9.691482001619165e-99,HV,-1,0,0
760224,1.96,0.6280441779187196,0.9998945640423376,2.7490037202279296e-60,7.038201470061759e-43,2.6967458683474243e-46,1.951573294880884e-10,0.028341477459888364,1.611617360768971e-70,1.6188636261592282e-35,2.1852873320537582e-62,HV,-1,0,0
760242,1.8,0.9998945640423376,0.9999961756804284,7.006828784570818e-47,8.336982992857103e-27,1.946405273800265e-43,0.028341477459888364,1.880854479644123e-07,7.325294280377919e-73,9.872297653033551e-52,2.6967458683474243e-46,HV,-1,0,0
760267,1.92,0.9999961756804284,0.999999999996632,5.327908475744656e-44,1.1751744523287492e-27,4.354565666586339e-28,1.880854479644123e-07,0.02213087446680441,5.712209738808768e-26,1.301447928506993e-32,3.2576011413383126e-31,HV,-1,0,0
767859,1.92,0.999999999996632,0.9998945640423376,2.1012127091701567e-29,5.8229685535173e-29,4.354565666586339e-28,0.02213087446680441,0.0017386399220547539,1.0874296217771751e-40,2.1917351515813007e-26,8.926402876821862e-42,HV,-1,0,0
767870,1.84,0.9998945640423376,0.270329069484192,4.354565666586339e-28,1.4214899107395563e-55,1.59942577801157e-28,0.0017386399220547539,0.4916898698540652,1.4584160169770743e-57,1.0898737981738663e-83,4.736365726008813e-38,HV,-1,0,0
760442,1.4,3.1437787896692645e-27,0.9316146421154724,4.291557865542528e-39,9.872297653033551e-52,2.174506309140792e-79,1.4951013308512087e-23,0.5585594327069068,1.4214899107395563e-55,4.2529401493385765e-63,9.784669328557811e-98,HV,-1,0,0
760490,1.64,0.9316146421154724,0.013212113036973965,2.923818974769737e-75,3.1257827362111793e-68,3.8703874999769725e-45,0.5585594327069068,0.00023171683026536514,2.34772524234844e-86,4.502681221145396e-76,6.389935598753052e-55,HV,-1,0,0
760505,2.16,0.013212113036973965,0.9849045221984528,1.5507212228858482e-37,5.474894405583734e-69,1.3436456959073246e-59,0.00023171683026536514,0.010101005217988923,4.291557865542528e-39,2.8393015726534797e-54,4.2529401493385765e-63,HV,-1,0,0
760519,2.2,0.9849045221984528,0.0878469342643513,2.8393015726534797e-54,1.8704944466796143e-74,5.364035185661792e-66,0.010101005217988923,2.386791561924706e-05,1.1791218157549974e-73,7.5473675023690945e-93,5.474894405583734e-69,HV,-1,0,0
760525,2.44,0.0878469342643513,0.5585594327069068,6.791643216314807e-57,6.487501440845467e-59,8.171971774555529e-64,2.386791561924706e-05,0.007668141618886344,7.006828784570818e-47,1.611617360768971e-70,5.474894405583734e-69,HV,-1,0,0
760572,2.6,0.5585594327069068,0.9952074388694079,6.487501440845467e-59,2.7490037202279296e-60,2.8393015726534797e-54,0.007668141618886344,1.8961536661976062e-06,1.4584160169770743e-57,9.782769088604499e-67,6.487501440845467e-59,HV,-1,0,0
760545,2.52,0.9952074388694079,0.0009137765599866648,2.3253806034982664e-52,2.5192292563475036e-42,1.3436456959073246e-59,1.8961536661976062e-06,3.563758645331361e-15,1.4317949897578241e-84,7.038201470061759e-43,1.849285113972924e-85,HV,-1,0,0
760550,1.96,0.0009137765599866648,0.99900988069365,2.174506309140792e-79,2.6967458683474243e-46,5.55527835129394e-61,3.563758645331361e-15,1.1590699874557619e-07,1.4155657124530326e-138,4.485612300083269e-72,1.1791218157549974e-73,HV,-1,0,0
760256,1.96,0.99900988069365,0.9952074388694079,1.3436456959073246e-59,6.487501440845467e-59,3.8703874999769725e-45,1.1590699874557619e-07,0.6280441779187196,1.8013198182556788e-47,5.415950550882713e-53,1.946405273800265e-43,HV,-1,0,0
760395,1.92,0.9952074388694079,0.9644366597493446,1.443464190565182e-44,3.8703874999769725e-45,3.0945381872832882e-58,0.6280441779187196,0.9316146421154724,4.581617798606835e-48,2.9289359748596507e-87,1.4584160169770743e-57,HV,-1,0,0
763405,0.82,4.736365726008813e-38,0.9952074388694079,8.158025930448501e-83,9.691482001619165e-99,9.691482001619165e-99,1.123834426382448e-31,0.6280441779187196,3.589940980859104e-88,7.507264846110967e-103,8.27363146581813e-102,HV,-1,0,0
763291,0.92,2.6967458683474243e-46,0.999999999996632,2.9025390393525475e-65,9.784669328557811e-98,8.915260028473413e-101,6.487501440845467e-59,0.3706474470171066,5.474894405583734e-69,4.867742419195568e-121,4.8782934102e-106,HV,-1,0,0
763283,0.8,0.999999999996632,0.9316146421154724,9.691482001619165e-99,9.784669328557811e-98,9.369350799545508e-96,0.3706474470171066,0.8304634168517532,8.89236566793229e-95,2.545751991955837e-109,5.079324882466892e-115,HV,-1,0,0
771708,0.0,0.8304634168517532,0.9999961756804284,4.502681221145396e-76,4.502681221145396e-76,1.8704944466796143e-74,0.0878469342643513,0.31778103283453074,1.5013029860369303e-78,8.158025930448501e-83,1.5013029860369303e-78,HV,-1,0,0
717534,0.0,0.9999961756804284,0.99999997867178,7.325294280377919e-73,6.006198800967882e-82,1.8704944466796143e-74,0.31778103283453074,0.31778103283453074,1.8704944466796143e-74,2.174506309140792e-79,1.5013029860369303e-78,HV,-1,0,0
765959,0.0,0.99999997867178,0.22823192819157445,2.923818974769737e-75,2.174506309140792e-79,1.0898737981738663e-83,0.31778103283453074,0.9849045221984528,4.502681221145396e-76,3.100286222933405e-80,4.502681221145396e-76,HV,-1,0,0
761592,0.0,0.22823192819157445,0.9998945640423376,2.174506309140792e-79,2.707778156757583e-71,6.830414626887225e-77,0.9849045221984528,0.8863728099526584,2.174506309140792e-79,1.0204802729413187e-77,1.0898737981738663e-83,HV,-1,0,0
766013,0.0,0.9998945640423376,0.99900988069365,1.8704944466796143e-74,2.707778156757583e-71,9.458659034036939e-70,0.8863728099526584,0.9644366597493446,1.4317949897578241e-84,7.325294280377919e-73,1.0204802729413187e-77,HV,-1,0,0
766030,0.0,0.99900988069365,0.9998945640423376,3.1257827362111793e-68,1.611617360768971e-70,9.458659034036939e-70,0.9644366597493446,0.8863728099526584,4.502681221145396e-76,8.158025930448501e-83,9.458659034036939e-70,HV,-1,0,0
766047,0.04,0.9998945640423376,0.9998945640423376,1.611617360768971e-70,6.830414626887225e-77,4.485612300083269e-72,0.8863728099526584,0.7667067650024223,1.611617360768971e-70,8.158025930448501e-83,1.4317949897578241e-84,HV,-1,0,0
717540,0.0,0.9998945640423376,0.9952074388694079,7.325294280377919e-73,6.006198800967882e-82,4.502681221145396e-76,0.7667067650024223,0.99900988069365,1.4317949897578241e-84,5.76722687605867e-105,1.4317949897578241e-84,HV,-1,0,0
717542,0.0,0.9952074388694079,0.8863728099526584,1.5013029860369303e-78,1.0204802729413187e-77,1.0898737981738663e-83,0.99900988069365,0.6982502252503169,1.4317949897578241e-84,2.9289359748596507e-87,4.027109006544092e-107,HV,-1,0,0
717545,0.0,0.8863728099526584,0.9849045221984528,1.0204802729413187e-77,8.158025930448501e-83,1.1791218157549974e-73,0.6982502252503169,0.99900988069365,5.76722687605867e-105,1.3666555610256647e-118,1.0898737981738663e-83,HV,-1,0,0
716541,0.0,0.9849045221984528,0.7667067650024223,1.8704944466796143e-74,6.830414626887225e-77,1.4317949897578241e-84,0.99900988069365,0.6982502252503169,6.006198800967882e-82,8.158025930448501e-83,2.1826293224615767e-117,HV,-1,0,0
766063,0.0,0.7667067650024223,0.0001615202610968331,6.006198800967882e-82,3.1257827362111793e-68,4.485612300083269e-72,0.6982502252503169,0.22823192819157445,2.76373653837111e-122,1.0204802729413187e-77,2.34772524234844e-86,HV,-1,0,0
766139,0.04,0.0001615202610968331,0.9849045221984528,9.369350799545508e-96,9.691482001619165e-99,5.929425406405352e-91,0.22823192819157445,0.9849045221984528,9.784669328557811e-98,9.47668660510157e-129,7.5473675023690945e-93,HV,-1,0,0
772490,0.08,0.9999961756804284,0.9952074388694079,1.027010718195644e-45,5.137489589866043e-36,5.053167175939877e-35,0.9644366597493446,0.0009137765599866648,7.065707358075575e-50,3.6706080577784147e-23,1.0874296217771751e-40,HV,-1,0,0
765923,0.12,0.9952074388694079,0.999999999996632,1.6188636261592282e-35,5.8229685535173e-29,5.028441612446024e-37,0.0009137765599866648,0.9952074388694079,1.3436456959073246e-59,2.3253806034982664e-52,5.028441612446024e-37,HV,-1,0,0
760827,0.12,0.999999999996632,0.9952074388694079,5.028441612446024e-37,3.7390849302645935e-40,2.1012127091701567e-29,0.9952074388694079,0.15915169261452353,5.028441612446024e-37,1.3436456959073246e-59,5.415950550882713e-53,HV,-1,0,0
765977,0.12,0.9952074388694079,0.9998945640423376,1.123834426382448e-31,4.736365726008813e-38,3.131214759135169e-41,0.15915169261452353,0.6982502252503169,1.443464190565182e-44,3.8703874999769725e-45,1.7207433867727158e-50,HV,-1,0,0
760832,0.12,0.9998945640423376,1.5150272731082582e-12,1.0874296217771751e-40,1.7207433867727158e-50,5.028441612446024e-37,0.6982502252503169,4.4426543665394945e-18,1.4584160169770743e-57,3.1257827362111793e-68,9.872297653033551e-52,HV,-1,0,0
765944,4.48,1.5150272731082582e-12,1.8271704188765892e-11,3.2576011413383126e-31,1.027010718195644e-45,7.038201470061759e-43,4.4426543665394945e-18,1.8472470418103187e-19,2.0306071725849707e-18,1.443464190565182e-44,1.123834426382448e-31,HV,-1,0,0
771723,0.12,1.8271704188765892e-11,0.9999961756804284,2.6967458683474243e-46,1.8013198182556788e-47,1.1528582747036718e-48,1.8472470418103187e-19,0.22823192819157445,5.364035185661792e-66,7.325294280377919e-73,1.947310292354278e-110,HV,-1,0,0
765994,0.12,0.9999961756804284,0.9998945640423376,2.8696688656043787e-49,1.8013198182556788e-47,1.8013198182556788e-47,0.22823192819157445,0.8304634168517532,7.5473675023690945e-93,1.4584160169770743e-57,5.55527835129394e-61,HV,-1,0,0
760835,0.12,0.9998945640423376,0.99900988069365,1.8013198182556788e-47,3.125474645177883e-56,2.6967458683474243e-46,0.8304634168517532,0.3706474470171066,1.4214899107395563e-55,1.4214899107395563e-55,1.4214899107395563e-55,HV,-1,0,0
765961,0.16,0.99900988069365,0.99999997867178,7.065707358075575e-50,2.8393015726534797e-54,3.0945381872832882e-58,0.3706474470171066,0.4916898698540652,9.872297653033551e-52,6.389935598753052e-55,4.144586221904174e-51,HV,-1,0,0
760840,0.16,0.99999997867178,0.8863728099526584,1.3436456959073246e-59,2.3253806034982664e-52,6.389935598753052e-55,0.4916898698540652,0.0017386399220547539,3.0945381872832882e-58,1.2471698496702195e-53,1.3436456959073246e-59,HV,-1,0,0
766011,0.16,0.8863728099526584,0.99900988069365,9.872297653033551e-52,4.581617798606835e-48,2.8696688656043787e-49,0.0017386399220547539,0.007668141618886344,3.8703874999769725e-45,1.301447928506993e-32,4.291557865542528e-39,HV,-1,0,0
766028,0.16,0.99900988069365,0.99999997867178,9.872297653033551e-52,9.872297653033551e-52,7.065707358075575e-50,0.007668141618886344,0.99900988069365,2.3253806034982664e-52,2.7490037202279296e-60,1.8013198182556788e-47,HV,-1,0,0
766045,0.16,0.99999997867178,0.9644366597493446,4.144586221904174e-51,6.487501440845467e-59,5.415950550882713e-53,0.99900988069365,0.5585594327069068,7.065707358075575e-50,2.9025390393525475e-65,2.9025390393525475e-65,HV,-1,0,0
760844,0.16,0.9644366597493446,0.0012649386262903305,6.389935598753052e-55,4.2529401493385765e-63,1.3436456959073246e-59,0.5585594327069068,5.2402031702164816e-05,3.1257827362111793e-68,3.1257827362111793e-68,9.782769088604499e-67,HV,-1,0,0
760672,0.12,0.0012649386262903305,0.9849045221984528,4.502681221145396e-76,1.4317949897578241e-84,1.8704944466796143e-74,5.2402031702164816e-05,0.4287695983312896,1.0898737981738663e-83,1.5157604415198047e-123,1.0898737981738663e-83,HV,-1,0,0
760677,0.12,0.9849045221984528,0.9849045221984528,4.485612300083269e-72,2.923818974769737e-75,8.158025930448501e-83,0.4287695983312896,0.9644366597493446,2.174506309140792e-79,4.350203988701023e-81,1.947310292354278e-110,HV,-1,0,0
766061,0.2,0.9849045221984528,0.15915169261452353,2.9289359748596507e-87,1.611617360768971e-70,6.830414626887225e-77,0.9644366597493446,0.10785099672172843,3.379957407926212e-116,1.0204802729413187e-77,6.006198800967882e-82,HV,-1,0,0
766097,0.16,0.15915169261452353,0.5585594327069068,1.4317949897578241e-84,1.611617360768971e-70,4.502681221145396e-76,0.10785099672172843,0.31778103283453074,5.109188225185946e-90,6.830414626887225e-77,1.849285113972924e-85,HV,-1,0,0
766127,0.12,0.5585594327069068,5.55527835129394e-61,3.1257827362111793e-68,2.9025390393525475e-65,8.171971774555529e-64,0.31778103283453074,9.458659034036939e-70,2.923818974769737e-75,3.1257827362111793e-68,8.171971774555529e-64,HV,-1,0,0
760989,0.24,0.057064223622223874,0.99999997867178,7.038201470061759e-43,3.8703874999769725e-45,2.5192292563475036e-42,3.5493236588966483e-05,0.8863728099526584,1.443464190565182e-44,1.027010718195644e-45,2.5192292563475036e-42,HV,-1,0,0
773891,0.36,0.99999997867178,0.07105129403332416,2.5192292563475036e-42,2.5192292563475036e-42,1.027010718195644e-45,0.8863728099526584,0.0009137765599866648,5.327908475744656e-44,1.443464190565182e-44,1.1528582747036718e-48,HV,-1,0,0
760994,1.4,7.681152510188975e-05,7.681152510188975e-05,2.8696688656043787e-49,6.791643216314807e-57,2.8696688656043787e-49,1.8961536661976062e-06,4.844938835298689e-07,1.59942577801157e-28,4.291557865542528e-39,1.59942577801157e-28,HV,-1,0,0
776472,0.36,0.07105129403332416,7.681152510188975e-05,3.131214759135169e-41,5.028441612446024e-37,5.028441612446024e-37,0.0009137765599866648,1.8961536661976062e-06,4.291557865542528e-39,5.053167175939877e-35,5.053167175939877e-35,HV,-1,0,0
773871,0.36,7.681152510188975e-05,0.3706474470171066,4.736365726008813e-38,5.137489589866043e-36,2.5192292563475036e-42,4.844938835298689e-07,0.4287695983312896,2.6967458683474243e-46,5.028441612446024e-37,1.1087457832104336e-61,HV,-1,0,0
763323,0.44,0.3706474470171066,0.270329069484192,1.2730014342732885e-39,1.6149739485228108e-36,1.4527324837068053e-33,0.4287695983312896,1.5934937884526227e-05,9.782769088604499e-67,7.006828784570818e-47,5.028441612446024e-37,HV,-1,0,0
761033,0.52,0.270329069484192,0.99900988069365,4.368285871146157e-33,1.5507212228858482e-37,1.6188636261592282e-35,1.5934937884526227e-05,0.0001615202610968331,2.4183748761022484e-24,8.926402876821862e-42,1.4527324837068053e-33,HV,-1,0,0
773907,0.48,0.99900988069365,0.9999961756804284,1.6149739485228108e-36,4.786653114517815e-34,1.432670445339009e-38,0.0001615202610968331,2.595314701205829e-08,1.027010718195644e-45,1.0874296217771751e-40,1.2471698496702195e-53,HV,-1,0,0
773955,0.6,0.9999961756804284,0.31778103283453074,1.5507212228858482e-37,4.736365726008813e-38,5.053167175939877e-35,2.595314701205829e-08,0.02213087446680441,5.028441612446024e-37,3.2576011413383126e-31,2.1917351515813007e-26,HV,-1,0,0
761009,0.16,0.31778103283453074,0.6982502252503169,4.786653114517815e-34,1.027010718195644e-45,1.0874296217771751e-40,0.02213087446680441,1.2120300423138108e-06,3.2576011413383126e-31,2.8696688656043787e-49,5.028441612446024e-37,HV,-1,0,0
761014,0.12,0.6982502252503169,0.8863728099526584,1.6188636261592282e-35,5.327908475744656e-44,1.0874296217771751e-40,1.2120300423138108e-06,0.00023171683026536514,1.4584160169770743e-57,9.458659034036939e-70,1.8704944466796143e-74,HV,-1,0,0
717586,0.2,0.8863728099526584,1.0,1.0874296217771751e-40,3.2576011413383126e-31,5.327908475744656e-44,0.00023171683026536514,0.9952074388694079,1.4584160169770743e-57,2.6967458683474243e-46,1.2471698496702195e-53,HV,-1,0,0
773997,0.16,0.9849045221984528,0.4916898698540652,3.7809826290466427e-25,1.2730014342732885e-39,1.6188636261592282e-35,0.9849045221984528,0.22823192819157445,1.301447928506993e-32,7.006828784570818e-47,1.432670445339009e-38,HV,-1,0,0
774013,0.24,0.4916898698540652,1.065359541719866e-09,1.59942577801157e-28,8.336982992857103e-27,5.137489589866043e-36,0.22823192819157445,3.1816458280058333e-09,1.4527324837068053e-33,2.8733970229373267e-14,2.5192292563475036e-42,HV,-1,0,0
761025,0.28,0.8304634168517532,8.926402876821862e-42,2.1012127091701567e-29,5.137489589866043e-36,6.657385806928595e-104,0.8304634168517532,6.389935598753052e-55,8.926402876821862e-42,1.1528582747036718e-48,3.2428031326104114e-108,HV,-1,0,0
773872,13.52,8.926402876821862e-42,2.1852873320537582e-62,2.855826409809067e-12,0.0006554171159690628,7.691068823747695e-07,6.389935598753052e-55,4.350203988701023e-81,5.672737421572143e-14,3.3408557168674875e-11,1.065359541719866e-09,HV,-1,1,1
761031,0.2,2.1852873320537582e-62,0.4287695983312896,6.487501440845467e-59,2.3253806034982664e-52,4.581617798606835e-48,4.350203988701023e-81,0.9316146421154724,2.923818974769737e-75,1.3436456959073246e-59,7.065707358075575e-50,HV,-1,0,0
773908,0.24,0.4287695983312896,0.005780240642627514,8.926402876821862e-42,1.0874296217771751e-40,2.6967458683474243e-46,0.9316146421154724,0.15915169261452353,1.1528582747036718e-48,1.1528582747036718e-48,6.487501440845467e-59,HV,-1,0,0
773956,0.2,0.005780240642627514,7.20215097957018e-15,5.364035185661792e-66,2.923818974769737e-75,2.1852873320537582e-62,0.15915169261452353,3.3408557168674875e-11,4.485612300083269e-72,9.691482001619165e-99,5.55527835129394e-61,HV,-1,0,0
761044,0.64,7.20215097957018e-15,0.9316146421154724,3.8419455971679037e-32,1.123834426382448e-31,2.5192292563475036e-42,3.3408557168674875e-11,0.7667067650024223,1.562539637382827e-34,5.028441612446024e-37,2.3253806034982664e-52,HV,-1,0,0
761041,0.64,0.9316146421154724,0.99900988069365,1.443464190565182e-44,4.736365726008813e-38,5.028441612446024e-37,0.7667067650024223,0.3706474470171066,1.1528582747036718e-48,1.0874296217771751e-40,5.053167175939877e-35,HV,-1,0,0
761038,0.64,0.99900988069365,0.4287695983312896,1.6149739485228108e-36,3.2576011413383126e-31,4.291557865542528e-39,0.3706474470171066,0.6280441779187196,3.7390849302645935e-40,7.065707358075575e-50,2.6967458683474243e-46,HV,-1,0,0
773998,0.84,0.4287695983312896,0.99900988069365,3.8419455971679037e-32,1.301447928506993e-32,5.712209738808768e-26,0.6280441779187196,0.4916898698540652,5.327908475744656e-44,3.7390849302645935e-40,1.027010718195644e-45,HV,-1,0,0
761093,0.36,0.8863728099526584,0.0009137765599866648,1.123834426382448e-31,7.325294280377919e-73,4.291557865542528e-39,0.22823192819157445,1.4441813162158956e-14,4.291557865542528e-39,1.849285113972924e-85,4.291557865542528e-39,HV,-1,0,0
761098,0.4,0.0009137765599866648,0.6982502252503169,1.4951013308512087e-23,2.6637411820421687e-30,3.0945381872832882e-58,1.4441813162158956e-14,4.1668484744741516e-13,9.917529278929078e-12,3.563758645331361e-15,2.6967458683474243e-46,HV,-1,0,0
761102,0.64,0.6982502252503169,0.9952074388694079,3.125474645177883e-56,1.1751744523287492e-27,1.4759498455555566e-25,4.1668484744741516e-13,0.03604044231430257,1.0898737981738663e-83,4.581617798606835e-48,2.8696688656043787e-49,HV,-1,0,0
761105,0.52,0.9952074388694079,0.7667067650024223,1.59942577801157e-28,2.4183748761022484e-24,9.35740462075703e-31,0.03604044231430257,0.00011178528333976476,3.0945381872832882e-58,6.791643216314807e-57,3.125474645177883e-56,HV,-1,0,0
761112,0.44,0.7667067650024223,0.9998945640423376,2.4183748761022484e-24,2.6637411820421687e-30,1.5617752839811438e-20,0.00011178528333976476,0.045509644873646095,1.4527324837068053e-33,2.7490037202279296e-60,3.8419455971679037e-32,HV,-1,0,0
737490,0.48,0.9998945640423376,0.99900988069365,6.74314886880196e-21,9.206783150259314e-19,3.8419455971679037e-32,0.045509644873646095,4.844938835298689e-07,2.157374287889546e-22,2.157374287889546e-22,7.006828784570818e-47,HV,-1,0,0
717641,0.4,0.99900988069365,0.99900988069365,4.368285871146157e-33,8.936182712091501e-23,1.5617752839811438e-20,4.844938835298689e-07,9.222878034006116e-09,6.830414626887225e-77,1.2471698496702195e-53,7.065707358075575e-50,HV,-1,0,0
773155,0.4,0.99900988069365,0.5585594327069068,1.8472470418103187e-19,2.1012127091701567e-29,1.2263118062588383e-21,9.222878034006116e-09,0.15915169261452353,1.2263118062588383e-21,5.053167175939877e-35,3.6706080577784147e-23,HV,-1,0,0
761115,0.56,0.5585594327069068,0.9998945640423376,9.395122187563395e-17,5.712209738808768e-26,1.4951013308512087e-23,0.15915169261452353,0.22823192819157445,1.59942577801157e-28,5.137489589866043e-36,8.926402876821862e-42,HV,-1,0,0
761117,0.44,0.9998945640423376,0.9998945640423376,1.2263118062588383e-21,2.157374287889546e-22,3.7809826290466427e-25,0.22823192819157445,0.3706474470171066,2.6637411820421687e-30,1.027010718195644e-45,4.354565666586339e-28,HV,-1,0,0
773195,0.48,0.9998945640423376,0.9952074388694079,1.4951013308512087e-23,1.2263118062588383e-21,8.936182712091501e-23,0.3706474470171066,0.31778103283453074,6.74314886880196e-21,9.206783150259314e-19,5.053167175939877e-35,HV,-1,0,0
761138,0.52,0.9952074388694079,0.99999997867178,2.8875365205513342e-21,1.2263118062588383e-21,1.5617752839811438e-20,0.31778103283453074,0.4916898698540652,7.006828784570818e-47,3.7390849302645935e-40,5.165007853947322e-22,HV,-1,0,0
761149,0.56,0.99999997867178,0.99900988069365,2.8875365205513342e-21,8.174068160010661e-20,1.2263118062588383e-21,0.4916898698540652,0.010101005217988923,2.0306071725849707e-18,3.6706080577784147e-23,1.4527324837068053e-33,HV,-1,0,0
761174,0.92,0.99900988069365,0.99900988069365,3.6706080577784147e-23,8.336982992857103e-27,2.8875365205513342e-21,0.010101005217988923,0.9952074388694079,7.065707358075575e-50,1.1528582747036718e-48,1.123834426382448e-31,HV,-1,0,0
769703,0.76,0.99900988069365,7.681152510188975e-05,1.2263118062588383e-21,2.0306071725849707e-18,4.354565666586339e-28,0.9952074388694079,0.00011178528333976476,3.2576011413383126e-31,2.1012127091701567e-29,7.006828784570818e-47,HV,-1,0,0
761188,0.56,7.681152510188975e-05,5.2402031702164816e-05,9.642024586720332e-18,2.1601819722931781e-13,1.5150272731082582e-12,0.00011178528333976476,0.0004667658986197036,3.2576011413383126e-31,2.1917351515813007e-26,4.1407391555186358e-19,HV,-1,0,0
769773,0.88,5.2402031702164816e-05,0.045509644873646095,1.5617752839811438e-20,4.368285871146157e-33,1.5617752839811438e-20,0.0004667658986197036,0.270329069484192,2.4183748761022484e-24,7.038201470061759e-43,4.291557865542528e-39,HV,-1,0,0
772859,0.88,0.045509644873646095,0.9952074388694079,5.672737421572143e-14,6.74314886880196e-21,6.03860878154016e-24,0.270329069484192,0.017159950487361218,1.4527324837068053e-33,9.395122187563395e-17,5.053167175939877e-35,HV,-1,0,0
772874,1.04,0.9952074388694079,0.99900988069365,8.936182712091501e-23,2.1917351515813007e-26,1.8472470418103187e-19,0.017159950487361218,0.0878469342643513,2.6967458683474243e-46,4.581617798606835e-48,9.60323195352951e-25,HV,-1,0,0
761199,1.0,0.99900988069365,0.9644366597493446,4.1407391555186358e-19,5.8229685535173e-29,9.60323195352951e-25,0.0878469342643513,0.1912773309665048,4.4426543665394945e-18,5.415950550882713e-53,4.291557865542528e-39,HV,-1,0,0
772889,1.12,0.9644366597493446,0.4287695983312896,2.4183748761022484e-24,2.1917351515813007e-26,8.336982992857103e-27,0.1912773309665048,0.028341477459888364,7.514925453973267e-30,1.027010718195644e-45,1.946405273800265e-43,HV,-1,0,0
761214,1.44,0.4287695983312896,0.9952074388694079,6.03860878154016e-24,3.587620938059541e-20,3.6706080577784147e-23,0.028341477459888364,0.4916898698540652,1.301447928506993e-32,3.6706080577784147e-23,1.301447928506993e-32,HV,-1,0,0
770407,1.44,0.9952074388694079,0.9999961756804284,2.157374287889546e-22,4.4339224609674195e-17,4.4426543665394945e-18,0.4916898698540652,0.31778103283453074,4.291557865542528e-39,5.712209738808768e-26,1.4759498455555566e-25,HV,-1,0,0
772919,1.68,2.595314701205829e-08,0.99999997867178,7.20215097957018e-15,4.4339224609674195e-17,1.5617752839811438e-20,4.4426543665394945e-18,0.5585594327069068,2.075933162386781e-17,8.336982992857103e-27,7.514925453973267e-30,HV,-1,0,0
761242,1.64,0.99999997867178,0.99900988069365,1.5617752839811438e-20,6.03860878154016e-24,4.4426543665394945e-18,0.5585594327069068,0.03604044231430257,1.6188636261592282e-35,1.2471698496702195e-53,9.35740462075703e-31,HV,-1,0,0
772934,1.4,0.99900988069365,0.8863728099526584,1.8472470418103187e-19,1.2263118062588383e-21,1.4759498455555566e-25,0.03604044231430257,0.3706474470171066,3.7809826290466427e-25,4.354565666586339e-28,5.327908475744656e-44,HV,-1,0,0
772955,5.44,0.8863728099526584,0.03604044231430257,2.1917351515813007e-26,1.7496489473203055e-15,2.8875365205513342e-21,0.3706474470171066,0.004326422589915993,3.8703874999769725e-45,1.5617752839811438e-20,1.123834426382448e-31,HV,-1,0,0
716026,1.52,0.03604044231430257,5.137489589866043e-36,3.7809826290466427e-25,5.437178785887903e-09,8.174068160010661e-20,0.004326422589915993,9.642024586720332e-18,7.038201470061759e-43,9.395122187563395e-17,1.1751744523287492e-27,HV,-1,0,0
718448,1.16,5.137489589866043e-36,1.6188636261592282e-35,1.4317949897578241e-84,2.707778156757583e-71,9.458659034036939e-70,9.642024586720332e-18,2.075933162386781e-17,1.8704944466796143e-74,6.487501440845467e-59,1.4214899107395563e-55,HV,-1,0,0
769759,1.32,1.6188636261592282e-35,0.9999961756804284,1.951573294880884e-10,5.8229685535173e-29,1.951573294880884e-10,2.075933162386781e-17,0.9998945640423376,8.522774511431384e-16,1.5507212228858482e-37,8.522774511431384e-16,HV,-1,0,0
771606,1.4,0.9999961756804284,0.028341477459888364,1.951573294880884e-10,3.1437787896692645e-27,4.354565666586339e-28,0.9998945640423376,0.07105129403332416,2.075933162386781e-17,1.5507212228858482e-37,5.053167175939877e-35,HV,-1,0,0
767882,1.76,0.028341477459888364,0.9999961756804284,9.206783150259314e-19,2.075933162386781e-17,4.4426543665394945e-18,0.07105129403332416,0.99900988069365,1.4759498455555566e-25,2.8875365205513342e-21,8.336982992857103e-27,HV,-1,0,0
767895,1.8,0.9999961756804284,0.9316146421154724,4.4426543665394945e-18,6.95032278626318e-06,2.075933162386781e-17,0.99900988069365,0.99900988069365,2.1917351515813007e-26,2.386791561924706e-05,2.8875365205513342e-21,HV,-1,0,0
767924,2.2,0.9316146421154724,0.9644366597493446,8.522774511431384e-16,2.595314701205829e-08,1.056206257475802e-05,0.99900988069365,7.681152510188975e-05,6.03860878154016e-24,4.1668484744741516e-13,1.056206257475802e-05,HV,-1,0,1
767941,2.4,0.9644366597493446,0.5585594327069068,1.056206257475802e-05,1.2120300423138108e-06,4.844938835298689e-07,7.681152510188975e-05,0.0006554171159690628,7.691068823747695e-07,7.691068823747695e-07,7.090400202592513e-08,HV,-1,0,1
767983,4.76,0.5585594327069068,0.6280441779187196,1.056206257475802e-05,2.386791561924706e-05,3.5493236588966483e-05,0.0006554171159690628,0.31778103283453074,4.1668484744741516e-13,3.6706080577784147e-23,4.1668484744741516e-13,HV,-1,0,1
767997,2.36,0.6280441779187196,0.270329069484192,7.691068823747695e-07,4.844938835298689e-07,4.844938835298689e-07,0.31778103283453074,0.07105129403332416,1.847969631608868e-09,1.5528752782838206e-08,2.075933162386781e-17,HV,-1,0,0
764135,0.88,0.99999997867178,0.9952074388694079,8.522774511431384e-16,5.028441612446024e-37,2.1012127091701567e-29,0.6280441779187196,0.9849045221984528,3.7809826290466427e-25,5.327908475744656e-44,3.7390849302645935e-40,HV,-1,0,0
761318,0.96,0.9952074388694079,0.0006554171159690628,5.8229685535173e-29,1.4527324837068053e-33,1.5507212228858482e-37,0.9849045221984528,2.386791561924706e-05,1.432670445339009e-38,4.581617798606835e-48,5.327908475744656e-44,HV,-1,0,0
761322,1.52,0.0006554171159690628,0.99900988069365,6.74314886880196e-21,5.165007853947322e-22,4.4426543665394945e-18,2.386791561924706e-05,0.007668141618886344,3.7809826290466427e-25,4.736365726008813e-38,1.59942577801157e-28,HV,-1,0,0
717643,1.64,0.99900988069365,0.028341477459888364,2.075933162386781e-17,1.7496489473203055e-15,3.587620938059541e-20,0.007668141618886344,0.9644366597493446,2.0306071725849707e-18,2.8393015726534797e-54,8.336982992857103e-27,HV,-1,0,0
761325,1.32,0.028341477459888364,0.99900988069365,1.8271704188765892e-11,6.062430861827832e-11,3.3408557168674875e-11,0.9644366597493446,0.0023728159574303693,1.4759498455555566e-25,9.206783150259314e-19,5.415950550882713e-53,HV,-1,0,0
761431,1.44,0.99900988069365,0.9849045221984528,3.462166085630029e-10,9.642024586720332e-18,3.462166085630029e-10,0.0023728159574303693,0.9644366597493446,1.562539637382827e-34,3.7809826290466427e-25,7.975937231442947e-13,HV,-1,0,0
761428,1.36,0.9849045221984528,0.99999997867178,3.3408557168674875e-11,2.157374287889546e-22,1.8472470418103187e-19,0.9644366597493446,0.02213087446680441,4.1668484744741516e-13,1.2263118062588383e-21,8.336982992857103e-27,HV,-1,0,0
761327,1.4,0.99999997867178,0.9849045221984528,3.587620938059541e-20,6.096062772783974e-10,1.4951013308512087e-23,0.02213087446680441,0.9849045221984528,1.5507212228858482e-37,5.672737421572143e-14,3.2576011413383126e-31,HV,-1,0,0
773180,1.36,0.9849045221984528,0.9999961756804284,8.936182712091501e-23,2.0306071725849707e-18,3.1816458280058333e-09,0.9849045221984528,0.017159950487361218,1.123834426382448e-31,6.03860878154016e-24,1.1112747154054147e-13,HV,-1,0,0
761329,1.32,0.9999961756804284,0.9952074388694079,1.847969631608868e-09,9.642024586720332e-18,4.4426543665394945e-18,0.017159950487361218,0.004326422589915993,6.03860878154016e-24,4.736365726008813e-38,5.053167175939877e-35,HV,-1,0,0
717665,1.56,0.9952074388694079,0.9316146421154724,2.075933162386781e-17,2.075933162386781e-17,4.4339224609674195e-17,0.004326422589915993,0.00033005044310849946,8.936182712091501e-23,8.336982992857103e-27,9.60323195352951e-25,HV,-1,0,0
717670,1.44,0.9316146421154724,0.99900988069365,2.075933162386781e-17,4.118975856424422e-16,2.075933162386781e-17,0.00033005044310849946,0.00033005044310849946,1.0874296217771751e-40,9.872297653033551e-52,2.5192292563475036e-42,HV,-1,0,0
764144,1.4,0.99900988069365,0.9952074388694079,2.0306071725849707e-18,1.974996115772736e-16,4.118975856424422e-16,0.00033005044310849946,0.007668141618886344,3.1437787896692645e-27,4.291557865542528e-39,1.6149739485228108e-36,HV,-1,0,0
773196,1.36,0.9952074388694079,0.9644366597493446,7.20215097957018e-15,4.4339224609674195e-17,9.395122187563395e-17,0.007668141618886344,1.8472470418103187e-19,1.4759498455555566e-25,1.8472470418103187e-19,1.59942577801157e-28,HV,-1,0,0
761339,1.28,0.9644366597493446,0.9644366597493446,2.0306071725849707e-18,3.587620938059541e-20,2.0306071725849707e-18,1.8472470418103187e-19,0.00023171683026536514,2.707778156757583e-71,2.7490037202279296e-60,3.0945381872832882e-58,HV,-1,0,0
761353,1.76,0.9644366597493446,0.9849045221984528,4.1407391555186358e-19,4.4426543665394945e-18,6.74314886880196e-21,0.00023171683026536514,0.0878469342643513,1.2730014342732885e-39,3.2576011413383126e-31,5.327908475744656e-44,HV,-1,0,0
761363,1.56,0.9849045221984528,0.9998945640423376,3.587620938059541e-20,1.7496489473203055e-15,2.075933162386781e-17,0.0878469342643513,0.15915169261452353,5.053167175939877e-35,1.562539637382827e-34,1.4951013308512087e-23,HV,-1,0,0
761371,1.56,0.9998945640423376,0.9316146421154724,2.075933162386781e-17,4.1407391555186358e-19,8.522774511431384e-16,0.15915169261452353,0.7667067650024223,1.301447928506993e-32,1.027010718195644e-45,1.443464190565182e-44,HV,-1,0,0
769704,1.52,0.9316146421154724,0.999999999996632,2.8733970229373267e-14,2.855826409809067e-12,9.206783150259314e-19,0.7667067650024223,0.5585594327069068,8.926402876821862e-42,5.712209738808768e-26,4.291557865542528e-39,HV,-1,0,0
769723,1.4,0.999999999996632,0.9999961756804284,2.0306071725849707e-18,7.975937231442947e-13,2.855826409809067e-12,0.5585594327069068,0.045509644873646095,3.8419455971679037e-32,1.59942577801157e-28,6.74314886880196e-21,HV,-1,0,0
761380,1.52,0.9999961756804284,0.9316146421154724,1.8271704188765892e-11,2.4183748761022484e-24,5.3422424382497975e-12,0.045509644873646095,0.045509644873646095,1.4441813162158956e-14,8.336982992857103e-27,4.1407391555186358e-19,HV,-1,0,0
772860,1.88,0.9316146421154724,0.31778103283453074,2.855826409809067e-12,6.74314886880196e-21,2.4183748761022484e-24,0.045509644873646095,0.0023728159574303693,7.514925453973267e-30,5.672737421572143e-14,1.2730014342732885e-39,HV,-1,0,0
772875,1.92,0.31778103283453074,0.9999961756804284,9.206783150259314e-19,1.6188636261592282e-35,2.075933162386781e-17,0.0023728159574303693,2.595314701205829e-08,1.2471698496702195e-53,1.611617360768971e-70,5.712209738808768e-26,HV,-1,0,0
761382,2.28,0.9999961756804284,0.9316146421154724,2.0306071725849707e-18,1.4527324837068053e-33,5.053167175939877e-35,2.595314701205829e-08,0.8304634168517532,1.951573294880884e-10,1.2730014342732885e-39,1.7207433867727158e-50,HV,-1,0,0
761384,2.24,0.9316146421154724,0.9316146421154724,1.4527324837068053e-33,8.336982992857103e-27,1.123834426382448e-31,0.8304634168517532,0.8304634168517532,2.6967458683474243e-46,5.327908475744656e-44,1.432670445339009e-38,HV,-1,0,0
772890,2.2,0.9316146421154724,0.9644366597493446,1.1751744523287492e-27,1.1751744523287492e-27,9.60323195352951e-25,0.8304634168517532,0.6982502252503169,1.432670445339009e-38,7.006828784570818e-47,3.8703874999769725e-45,HV,-1,0,0
717677,2.36,0.9644366597493446,0.0878469342643513,1.4951013308512087e-23,1.5150272731082582e-12,1.59942577801157e-28,0.6982502252503169,0.013212113036973965,7.006828784570818e-47,1.59942577801157e-28,1.7207433867727158e-50,HV,-1,0,0
761386,3.04,0.0878469342643513,0.9952074388694079,8.174068160010661e-20,1.1112747154054147e-13,6.062430861827832e-11,0.013212113036973965,0.31778103283453074,3.7390849302645935e-40,4.354565666586339e-28,2.075933162386781e-17,HV,-1,0,0
761388,3.08,0.9952074388694079,0.99900988069365,6.062430861827832e-11,9.206783150259314e-19,4.1668484744741516e-13,0.31778103283453074,0.9316146421154724,2.8733970229373267e-14,7.514925453973267e-30,1.2263118062588383e-21,HV,-1,0,0
772904,3.28,0.99900988069365,0.9316146421154724,1.1112747154054147e-13,7.975937231442947e-13,9.642024586720332e-18,0.9316146421154724,4.3055912093737255e-08,5.165007853947322e-22,8.522774511431384e-16,9.35740462075703e-31,HV,-1,0,0
761390,3.08,0.9316146421154724,0.9316146421154724,6.74314886880196e-21,4.1668484744741516e-13,3.563758645331361e-15,4.3055912093737255e-08,4.54061202082523e-06,4.581617798606835e-48,2.6967458683474243e-46,1.5507212228858482e-37,HV,-1,0,0
772935,3.08,0.13147918885221888,0.9952074388694079,7.975937231442947e-13,5.672737421572143e-14,1.974996115772736e-16,0.13147918885221888,0.004326422589915993,7.20215097957018e-15,2.157374287889546e-22,4.786653114517815e-34,HV,-1,0,0
717695,3.72,0.9952074388694079,2.595314701205829e-08,1.8472470418103187e-19,7.691068823747695e-07,1.974996115772736e-16,0.004326422589915993,1.5528752782838206e-08,1.027010718195644e-45,7.090400202592513e-08,4.368285871146157e-33,HV,-1,0,0
769745,15.72,2.595314701205829e-08,4.867742419195568e-121,0.0001615202610968331,6.096062772783974e-10,3.7809826290466427e-25,1.5528752782838206e-08,6.657385806928595e-104,4.354565666586339e-28,0.013212113036973965,1.0918261406495758e-10,HV,-1,1,1
761396,0.48,4.867742419195568e-121,5.55527835129394e-61,1.849285113972924e-85,4.8782934102e-106,4.027109006544092e-107,6.657385806928595e-104,1.7207433867727158e-50,4.321870695403195e-89,9.396684070010982e-100,4.8782934102e-106,HV,-1,0,0
771621,4.4,5.55527835129394e-61,0.010101005217988923,7.691068823747695e-07,1.4441813162158956e-14,1.2120300423138108e-06,1.7207433867727158e-50,7.090400202592513e-08,6.062430861827832e-11,1.6188636261592282e-35,3.1816458280058333e-09,HV,-1,0,0
769137,2.72,0.010101005217988923,0.10785099672172843,5.437178785887903e-09,6.062430861827832e-11,6.062430861827832e-11,7.090400202592513e-08,0.07105129403332416,1.8271704188765892e-11,3.3408557168674875e-11,3.6706080577784147e-23,HV,-1,0,0
769151,5.84,0.10785099672172843,0.9952074388694079,1.880854479644123e-07,7.691068823747695e-07,2.595314701205829e-08,0.07105129403332416,0.9316146421154724,2.4183748761022484e-24,1.847969631608868e-09,9.222878034006116e-09,HV,-1,0,0
767897,6.36,0.9952074388694079,0.9952074388694079,1.880854479644123e-07,3.029792736440307e-07,1.8961536661976062e-06,0.9316146421154724,0.4287695983312896,2.595314701205829e-08,6.096062772783974e-10,2.595314701205829e-08,HV,-1,0,0
767909,6.0,0.9952074388694079,0.10785099672172843,4.54061202082523e-06,3.5493236588966483e-05,1.8961536661976062e-06,0.4287695983312896,6.096062772783974e-10,5.437178785887903e-09,5.437178785887903e-09,1.0918261406495758e-10,HV,-1,1,0
767939,6.96,0.10785099672172843,0.8304634168517532,1.056206257475802e-05,2.9449112249352205e-06,1.5528752782838206e-08,6.096062772783974e-10,6.096062772783974e-10,1.880854479644123e-07,3.1816458280058333e-09,7.975937231442947e-13,HV,-1,1,1
767954,9.8,0.8304634168517532,0.8863728099526584,9.222878034006116e-09,1.056206257475802e-05,0.00011178528333976476,6.096062772783974e-10,0.3706474470171066,7.691068823747695e-07,7.681152510188975e-05,1.974996115772736e-16,HV,-1,1,1
767985,11.44,0.8863728099526584,0.6280441779187196,0.0004667658986197036,3.029792736440307e-07,1.8961536661976062e-06,0.3706474470171066,0.9316146421154724,2.1601819722931781e-13,1.880854479644123e-07,7.681152510188975e-05,HV,-1,1,1
767999,7.28,0.6280441779187196,0.99999997867178,2.386791561924706e-05,7.691068823747695e-07,1.8961536661976062e-06,0.9316146421154724,0.6280441779187196,6.95032278626318e-06,1.2120300423138108e-06,5.437178785887903e-09,HV,-1,1,1
764667,3.68,5.672737421572143e-14,2.157374287889546e-22,1.1590699874557619e-07,3.462166085630029e-10,7.691068823747695e-07,0.007668141618886344,3.462166085630029e-10,0.00023171683026536514,3.5493236588966483e-05,0.0001615202610968331,HV,-1,1,1
771865,0.08,2.157374287889546e-22,1.2120300423138108e-06,1.4441813162158956e-14,1.202454500904564e-158,2.075933162386781e-17,3.462166085630029e-10,3.5493236588966483e-05,1.1112747154054147e-13,5.929425406405352e-91,3.563758645331361e-15,HV,-1,0,0
771917,3.24,1.2120300423138108e-06,1.1590699874557619e-07,1.1590699874557619e-07,2.1601819722931781e-13,6.657385806928595e-104,3.5493236588966483e-05,0.00033005044310849946,8.522774511431384e-16,1.301447928506993e-32,8.27307591605843e-94,HV,-1,0,0
771941,0.12,1.1590699874557619e-07,0.6982502252503169,1.4016340930360373e-169,5.8229685535173e-29,4.786653114517815e-34,0.00033005044310849946,0.7667067650024223,7.507264846110967e-103,1.4527324837068053e-33,1.5507212228858482e-37,HV,-1,0,0
764659,0.2,0.6982502252503169,3.563758645331361e-15,4.368285871146157e-33,2.6637411820421687e-30,2.1012127091701567e-29,0.7667067650024223,1.8472470418103187e-19,4.291557865542528e-39,4.786653114517815e-34,1.4527324837068053e-33,HV,-1,0,0
717738,7.72,3.563758645331361e-15,9.642024586720332e-18,2.9449112249352205e-06,4.54061202082523e-06,0.00033005044310849946,1.8472470418103187e-19,9.60323195352951e-25,1.1590699874557619e-07,1.5528752782838206e-08,0.00011178528333976476,HV,-1,1,1
769249,0.08,9.642024586720332e-18,0.8863728099526584,4.786653114517815e-34,7.038201470061759e-43,1.562539637382827e-34,9.60323195352951e-25,0.9316146421154724,4.736365726008813e-38,9.872297653033551e-52,8.926402876821862e-42,HV,-1,0,0
761439,0.2,0.8863728099526584,1.301447928506993e-32,5.053167175939877e-35,1.562539637382827e-34,5.327908475744656e-44,0.9316146421154724,4.867742419195568e-121,3.8703874999769725e-45,3.131214759135169e-41,3.125474645177883e-56,HV,-1,0,0
761532,23.6,1.301447928506993e-32,1.123834426382448e-31,4.118975856424422e-16,1.7496489473203055e-15,9.642024586720332e-18,4.867742419195568e-121,3.2428031326104114e-108,3.2576011413383126e-31,1.301447928506993e-32,1.6188636261592282e-35,HV,-1,1,1
761448,0.16,1.123834426382448e-31,0.003215407740347846,1.59942577801157e-28,5.028441612446024e-37,1.432670445339009e-38,3.2428031326104114e-108,0.1912773309665048,5.137489589866043e-36,4.291557865542528e-39,7.006828784570818e-47,HV,-1,0,0
769236,0.48,0.003215407740347846,0.9952074388694079,5.8229685535173e-29,2.1917351515813007e-26,2.1012127091701567e-29,0.1912773309665048,0.0023728159574303693,7.038201470061759e-43,4.291557865542528e-39,1.6188636261592282e-35,HV,-1,0,0
769242,0.4,0.9952074388694079,3.8419455971679037e-32,5.8229685535173e-29,3.8703874999769725e-45,2.1917351515813007e-26,0.0023728159574303693,5.053167175939877e-35,4.354565666586339e-28,5.415950550882713e-53,5.053167175939877e-35,HV,-1,0,0
774106,1.6,3.8419455971679037e-32,1.4527324837068053e-33,6.830414626887225e-77,2.9289359748596507e-87,5.76722687605867e-105,5.053167175939877e-35,1.123834426382448e-31,8.89236566793229e-95,8.27307591605843e-94,1.947310292354278e-110,HV,-1,0,0
772528,0.68,1.4527324837068053e-33,0.9952074388694079,2.5192292563475036e-42,4.291557865542528e-39,1.4527324837068053e-33,1.123834426382448e-31,0.057064223622223874,2.1852873320537582e-62,4.581617798606835e-48,3.8703874999769725e-45,HV,-1,0,0
772457,0.84,0.9952074388694079,5.8229685535173e-29,1.6188636261592282e-35,2.8696688656043787e-49,1.2730014342732885e-39,0.057064223622223874,2.6637411820421687e-30,1.5507212228858482e-37,1.3666555610256647e-118,8.926402876821862e-42,HV,-1,0,0
772533,6.44,5.8229685535173e-29,1.4759498455555566e-25,7.691068823747695e-07,9.222878034006116e-09,1.847969631608868e-09,2.6637411820421687e-30,8.336982992857103e-27,4.3055912093737255e-08,1.056206257475802e-05,4.291557865542528e-39,HV,-1,1,0
772539,0.96,1.4759498455555566e-25,0.13147918885221888,7.065707358075575e-50,1.4759498455555566e-25,4.4426543665394945e-18,8.336982992857103e-27,0.22823192819157445,3.2428031326104114e-108,2.4183748761022484e-24,1.4951013308512087e-23,HV,-1,0,0
775321,1.12,0.13147918885221888,0.13147918885221888,1.4441813162158956e-14,2.9289359748596507e-87,2.157374287889546e-22,0.22823192819157445,1.2120300423138108e-06,9.35740462075703e-31,4.029698017478608e-167,3.8419455971679037e-32,HV,-1,0,0
775263,1.2,0.13147918885221888,0.017159950487361218,1.7496489473203055e-15,3.2576011413383126e-31,6.830414626887225e-77,1.2120300423138108e-06,0.007668141618886344,5.3422424382497975e-12,1.6188636261592282e-35,1.4155657124530326e-138,HV,-1,0,0
775250,0.6,0.017159950487361218,0.010101005217988923,5.415950550882713e-53,2.0306071725849707e-18,2.1917351515813007e-26,0.007668141618886344,0.0006554171159690628,4.027109006544092e-107,3.6706080577784147e-23,9.35740462075703e-31,HV,-1,0,0
775193,1.04,0.7667067650024223,1.2120300423138108e-06,1.974996115772736e-16,3.587620938059541e-20,1.123834426382448e-31,0.8304634168517532,5.3422424382497975e-12,2.8875365205513342e-21,7.514925453973267e-30,2.6637411820421687e-30,HV,-1,0,0
775205,10.52,1.2120300423138108e-06,4.1407391555186358e-19,4.4339224609674195e-17,0.02213087446680441,3.3408557168674875e-11,5.3422424382497975e-12,3.7809826290466427e-25,1.880854479644123e-07,0.03604044231430257,1.4441813162158956e-14,HV,-1,1,1
767264,1.0,4.1407391555186358e-19,5.672737421572143e-14,1.6149739485228108e-36,3.7390849302645935e-40,2.1917351515813007e-26,3.7809826290466427e-25,4.118975856424422e-16,1.027010718195644e-45,2.9025390393525475e-65,9.35740462075703e-31,HV,-1,0,0
775226,13.32,5.672737421572143e-14,1.4951013308512087e-23,2.9449112249352205e-06,1.065359541719866e-09,3.587620938059541e-20,4.118975856424422e-16,3.2576011413383126e-31,4.844938835298689e-07,1.8961536661976062e-06,3.1437787896692645e-27,HV,-1,1,1
762565,0.84,1.4951013308512087e-23,0.22823192819157445,2.8696688656043787e-49,5.053167175939877e-35,1.6149739485228108e-36,3.2576011413383126e-31,0.8304634168517532,8.158025930448501e-83,2.8696688656043787e-49,7.038201470061759e-43,HV,-1,0,0
762567,0.88,0.22823192819157445,0.5585594327069068,1.5507212228858482e-37,1.4527324837068053e-33,5.137489589866043e-36,0.8304634168517532,1.065359541719866e-09,1.5507212228858482e-37,7.038201470061759e-43,2.5192292563475036e-42,HV,-1,0,0
762569,0.96,0.5585594327069068,0.8863728099526584,1.6149739485228108e-36,1.0874296217771751e-40,5.053167175939877e-35,1.065359541719866e-09,3.462166085630029e-10,1.611617360768971e-70,2.707778156757583e-71,9.458659034036939e-70,HV,-1,0,0
762571,0.76,0.8863728099526584,0.028341477459888364,1.6149739485228108e-36,7.038201470061759e-43,8.926402876821862e-42,3.462166085630029e-10,4.54061202082523e-06,1.8013198182556788e-47,7.038201470061759e-43,1.7207433867727158e-50,HV,-1,0,0
762573,0.52,0.028341477459888364,0.7667067650024223,1.8013198182556788e-47,4.321870695403195e-89,1.8013198182556788e-47,4.54061202082523e-06,0.010101005217988923,2.9025390393525475e-65,4.091039708940215e-126,1.4214899107395563e-55,HV,-1,0,0
764665,0.4,0.99900988069365,0.99900988069365,2.8733970229373267e-14,9.395122187563395e-17,1.7496489473203055e-15,0.22823192819157445,0.15915169261452353,4.4339224609674195e-17,9.642024586720332e-18,4.4339224609674195e-17,HV,-1,0,0
771866,0.32,0.99900988069365,2.4333925226320094e-172,4.118975856424422e-16,1.383730858710159e-141,2.075933162386781e-17,0.15915169261452353,1.4016340930360373e-169,5.672737421572143e-14,8.158025930448501e-83,4.118975856424422e-16,HV,-1,0,0
771916,269.6,2.4333925226320094e-172,2.4333925226320094e-172,2.4333925226320094e-172,2.4333925226320094e-172,1.263524869601994e-160,1.4016340930360373e-169,1.104479781120624e-162,1.4016340930360373e-169,1.1578060969070452e-135,1.3666555610256647e-118,HV,-1,1,1
771940,0.6,2.4333925226320094e-172,0.6280441779187196,4.558172240456992e-140,9.206783150259314e-19,8.936182712091501e-23,1.104479781120624e-162,0.15915169261452353,4.350203988701023e-81,8.174068160010661e-20,9.60323195352951e-25,HV,-1,0,0
718260,0.12,0.6280441779187196,0.9952074388694079,8.336982992857103e-27,2.157374287889546e-22,5.165007853947322e-22,0.15915169261452353,0.5585594327069068,3.8419455971679037e-32,3.2576011413383126e-31,9.60323195352951e-25,HV,-1,0,0
769250,0.16,0.9952074388694079,0.99900988069365,1.4951013308512087e-23,2.6637411820421687e-30,6.03860878154016e-24,0.5585594327069068,0.31778103283453074,9.35740462075703e-31,1.2730014342732885e-39,5.053167175939877e-35,HV,-1,0,0
761523,0.08,0.99900988069365,0.99900988069365,1.4951013308512087e-23,4.368285871146157e-33,9.35740462075703e-31,0.31778103283453074,0.0878469342643513,1.59942577801157e-28,1.6149739485228108e-36,1.301447928506993e-32,HV,-1,0,0
761440,0.12,0.99900988069365,0.99900988069365,3.8419455971679037e-32,2.1917351515813007e-26,1.6188636261592282e-35,0.0878469342643513,0.6982502252503169,8.926402876821862e-42,1.301447928506993e-32,2.6967458683474243e-46,HV,-1,0,0
761531,0.12,0.99900988069365,1.0918261406495758e-10,1.4527324837068053e-33,8.522774511431384e-16,1.4759498455555566e-25,0.6982502252503169,1.974996115772736e-16,3.7390849302645935e-40,9.395122187563395e-17,8.336982992857103e-27,HV,-1,0,0
718270,6.56,1.0918261406495758e-10,6.062430861827832e-11,3.1437787896692645e-27,2.8875365205513342e-21,1.7496489473203055e-15,1.974996115772736e-16,3.563758645331361e-15,1.4441813162158956e-14,1.880854479644123e-07,0.00011178528333976476,HV,-1,1,0
718276,0.2,6.062430861827832e-11,0.99900988069365,7.20215097957018e-15,1.5617752839811438e-20,9.206783150259314e-19,3.563758645331361e-15,0.31778103283453074,7.20215097957018e-15,4.1407391555186358e-19,9.206783150259314e-19,HV,-1,0,0
718480,0.12,0.99900988069365,1.8472470418103187e-19,8.174068160010661e-20,2.075933162386781e-17,8.936182712091501e-23,0.31778103283453074,4.736365726008813e-38,5.712209738808768e-26,1.8472470418103187e-19,8.336982992857103e-27,HV,-1,0,0
762600,11.64,1.8472470418103187e-19,4.1407391555186358e-19,0.028341477459888364,1.8961536661976062e-06,0.057064223622223874,4.736365726008813e-38,5.028441612446024e-37,0.00033005044310849946,0.013212113036973965,7.691068823747695e-07,HV,-1,1,1
767847,0.12,4.1407391555186358e-19,0.9999961756804284,1.974996115772736e-16,2.0306071725849707e-18,1.4759498455555566e-25,5.028441612446024e-37,0.8863728099526584,4.4339224609674195e-17,1.8472470418103187e-19,5.8229685535173e-29,HV,-1,0,0
761538,0.08,0.9999961756804284,0.6982502252503169,2.1917351515813007e-26,4.4339224609674195e-17,8.174068160010661e-20,0.8863728099526584,0.028341477459888364,4.786653114517815e-34,8.936182712091501e-23,2.157374287889546e-22,HV,-1,0,0
764596,0.04,0.6982502252503169,1.4441813162158956e-14,1.974996115772736e-16,1.123834426382448e-31,1.1112747154054147e-13,0.028341477459888364,7.691068823747695e-07,3.563758645331361e-15,4.736365726008813e-38,3.563758645331361e-15,HV,-1,0,0
774105,1.08,3.100286222933405e-80,1.6149739485228108e-36,4.8782934102e-106,8.158025930448501e-83,3.379957407926212e-116,7.325294280377919e-73,1.5507212228858482e-37,3.2428031326104114e-108,9.396684070010982e-100,4.091039708940215e-126,HV,-1,0,0
774112,0.36,1.6149739485228108e-36,0.9849045221984528,1.2730014342732885e-39,2.6637411820421687e-30,1.4951013308512087e-23,1.5507212228858482e-37,0.99900988069365,3.125474645177883e-56,1.2730014342732885e-39,4.368285871146157e-33,HV,-1,0,0
772529,0.36,0.9849045221984528,0.9998945640423376,1.4951013308512087e-23,1.6149739485228108e-36,7.514925453973267e-30,0.99900988069365,0.02213087446680441,5.053167175939877e-35,2.6967458683474243e-46,3.131214759135169e-41,HV,-1,0,0
772456,0.44,0.9998945640423376,0.9998945640423376,9.35740462075703e-31,1.2730014342732885e-39,1.6149739485228108e-36,0.02213087446680441,0.9998945640423376,1.123834426382448e-31,6.657385806928595e-104,4.736365726008813e-38,HV,-1,0,0
772532,0.48,0.9998945640423376,0.6982502252503169,1.5507212228858482e-37,1.4951013308512087e-23,8.926402876821862e-42,0.9998945640423376,2.9449112249352205e-06,1.5507212228858482e-37,1.5150272731082582e-12,4.027109006544092e-107,HV,-1,0,0
775262,151.68,1.202454500904564e-158,1.263524869601994e-160,6.9641440763995946e-155,7.325294280377919e-73,5.55527835129394e-61,1.4016340930360373e-169,1.4016340930360373e-169,2.4333925226320094e-172,2.492049316298831e-151,5.079324882466892e-115,HV,-1,1,1
775251,1.4,1.263524869601994e-160,7.681152510188975e-05,2.923818974769737e-75,5.712209738808768e-26,1.301447928506993e-32,1.4016340930360373e-169,0.0004667658986197036,7.733242540770045e-133,2.1012127091701567e-29,5.053167175939877e-35,HV,-1,0,0
775240,0.68,7.681152510188975e-05,0.270329069484192,1.2263118062588383e-21,3.563758645331361e-15,7.975937231442947e-13,0.0004667658986197036,8.336982992857103e-27,3.1437787896692645e-27,4.4339224609674195e-17,1.8472470418103187e-19,HV,-1,0,0
766954,0.72,0.270329069484192,0.5585594327069068,9.642024586720332e-18,1.065359541719866e-09,2.8875365205513342e-21,8.336982992857103e-27,5.165007853947322e-22,2.1852873320537582e-62,1.946405273800265e-43,1.550147223214658e-64,HV,-1,0,0
765169,0.28,2.76373653837111e-122,0.0023728159574303693,1.4584160169770743e-57,2.3253806034982664e-52,1.1528582747036718e-48,7.710155540109067e-165,0.0004667658986197036,1.0204802729413187e-77,1.4584160169770743e-57,6.791643216314807e-57,HV,-1,0,0
767054,0.28,0.0023728159574303693,6.389935598753052e-55,6.487501440845467e-59,3.8703874999769725e-45,2.1852873320537582e-62,0.0004667658986197036,1.1087457832104336e-61,9.782769088604499e-67,1.027010718195644e-45,9.782769088604499e-67,HV,-1,0,0
717822,14.08,6.389935598753052e-55,1.027010718195644e-45,0.005780240642627514,0.31778103283453074,0.0878469342643513,1.1087457832104336e-61,5.364035185661792e-66,0.017159950487361218,9.395122187563395e-17,4.3055912093737255e-08,HV,-1,1,1
764615,0.28,1.027010718195644e-45,0.4287695983312896,1.2730014342732885e-39,8.926402876821862e-42,2.5192292563475036e-42,5.364035185661792e-66,0.7667067650024223,7.065707358075575e-50,5.55527835129394e-61,1.1528582747036718e-48,HV,-1,0,0
762604,0.24,0.4287695983312896,0.028341477459888364,1.1528582747036718e-48,1.7207433867727158e-50,4.144586221904174e-51,0.7667067650024223,2.386791561924706e-05,7.006828784570818e-47,4.144586221904174e-51,3.0945381872832882e-58,HV,-1,0,0
768625,0.28,0.028341477459888364,0.9644366597493446,1.1087457832104336e-61,1.611617360768971e-70,1.3436456959073246e-59,2.386791561924706e-05,0.03604044231430257,1.5013029860369303e-78,1.0898737981738663e-83,3.1257827362111793e-68,HV,-1,0,0
771809,0.2,0.9644366597493446,0.9998945640423376,2.7490037202279296e-60,5.327908475744656e-44,2.707778156757583e-71,0.03604044231430257,0.15915169261452353,3.0945381872832882e-58,4.291557865542528e-39,4.502681221145396e-76,HV,-1,0,0
762606,0.28,0.9998945640423376,0.99999997867178,7.325294280377919e-73,7.006828784570818e-47,1.443464190565182e-44,0.15915169261452353,0.4287695983312896,8.158025930448501e-83,2.3253806034982664e-52,7.006828784570818e-47,HV,-1,0,0
766508,3.36,2.4183748761022484e-24,6.03860878154016e-24,0.00023171683026536514,0.004326422589915993,0.0004667658986197036,4.368285871146157e-33,9.35740462075703e-31,0.0017386399220547539,0.00011178528333976476,0.0009137765599866648,HV,-1,1,1
766510,0.64,6.03860878154016e-24,0.999999999996632,1.4951013308512087e-23,5.327908475744656e-44,2.1917351515813007e-26,9.35740462075703e-31,0.4916898698540652,9.35740462075703e-31,3.100286222933405e-80,4.354565666586339e-28,HV,-1,0,0
766512,0.64,0.999999999996632,0.9999961756804284,3.7809826290466427e-25,5.137489589866043e-36,7.038201470061759e-43,0.4916898698540652,5.437178785887903e-09,9.35740462075703e-31,1.1528582747036718e-48,8.158025930448501e-83,HV,-1,0,0
766514,0.64,0.9999961756804284,3.2576011413383126e-31,5.327908475744656e-44,4.291557865542528e-39,1.6149739485228108e-36,5.437178785887903e-09,3.1437787896692645e-27,2.1852873320537582e-62,3.8419455971679037e-32,5.053167175939877e-35,HV,-1,0,0
766518,8.32,3.2576011413383126e-31,1.6149739485228108e-36,0.0004667658986197036,1.2120300423138108e-06,1.8961536661976062e-06,3.1437787896692645e-27,1.2471698496702195e-53,1.1590699874557619e-07,0.03604044231430257,0.0004667658986197036,HV,-1,1,1
766520,0.52,1.6149739485228108e-36,0.99900988069365,7.038201470061759e-43,7.006828784570818e-47,8.926402876821862e-42,1.2471698496702195e-53,3.1816458280058333e-09,1.4584160169770743e-57,9.458659034036939e-70,7.065707358075575e-50,HV,-1,0,0
762649,0.52,0.99900988069365,0.4916898698540652,8.926402876821862e-42,7.006828784570818e-47,3.8703874999769725e-45,3.1816458280058333e-09,0.15915169261452353,4.368285871146157e-33,1.2730014342732885e-39,7.038201470061759e-43,HV,-1,0,0
762610,0.36,0.4916898698540652,1.4584160169770743e-57,1.027010718195644e-45,3.0945381872832882e-58,2.6967458683474243e-46,0.15915169261452353,1.3436456959073246e-59,2.6967458683474243e-46,3.1257827362111793e-68,1.443464190565182e-44,HV,-1,0,0
762612,11.32,1.4584160169770743e-57,1.2263118062588383e-21,7.20215097957018e-15,8.174068160010661e-20,1.1590699874557619e-07,1.3436456959073246e-59,1.5617752839811438e-20,8.174068160010661e-20,5.712209738808768e-26,1.847969631608868e-09,HV,-1,1,0
766525,0.68,0.9849045221984528,0.9998945640423376,1.2263118062588383e-21,3.6706080577784147e-23,4.1407391555186358e-19,0.4287695983312896,0.3706474470171066,1.4527324837068053e-33,4.291557865542528e-39,1.4951013308512087e-23,HV,-1,0,0
766532,0.76,0.9998945640423376,0.270329069484192,2.0306071725849707e-18,3.587620938059541e-20,2.8875365205513342e-21,0.3706474470171066,0.6280441779187196,4.1407391555186358e-19,3.1437787896692645e-27,5.053167175939877e-35,HV,-1,0,0
766534,0.72,0.270329069484192,0.999999999996632,2.4183748761022484e-24,3.1437787896692645e-27,6.03860878154016e-24,0.6280441779187196,0.22823192819157445,5.053167175939877e-35,1.4759498455555566e-25,5.8229685535173e-29,HV,-1,0,0
766538,0.72,0.999999999996632,0.999999999996632,6.03860878154016e-24,1.562539637382827e-34,3.1437787896692645e-27,0.22823192819157445,0.9849045221984528,3.6706080577784147e-23,7.065707358075575e-50,1.8472470418103187e-19,HV,-1,0,0
762648,0.72,0.999999999996632,0.9998945640423376,8.336982992857103e-27,1.6149739485228108e-36,3.8419455971679037e-32,0.9849045221984528,0.4916898698540652,2.8875365205513342e-21,1.6149739485228108e-36,2.3253806034982664e-52,HV,-1,0,0
762657,0.72,0.9998945640423376,4.54061202082523e-06,4.786653114517815e-34,7.038201470061759e-43,5.137489589866043e-36,0.4916898698540652,4.3055912093737255e-08,6.487501440845467e-59,2.8393015726534797e-54,1.0874296217771751e-40,HV,-1,0,0
717889,1.04,4.54061202082523e-06,0.9998945640423376,5.165007853947322e-22,2.157374287889546e-22,1.4759498455555566e-25,4.3055912093737255e-08,0.31778103283453074,1.2263118062588383e-21,5.165007853947322e-22,1.301447928506993e-32,HV,-1,0,0
762675,1.12,0.9998945640423376,0.999999999996632,3.7809826290466427e-25,2.157374287889546e-22,6.74314886880196e-21,0.31778103283453074,0.99999997867178,1.2730014342732885e-39,3.8419455971679037e-32,1.59942577801157e-28,HV,-1,0,0
717902,1.24,0.999999999996632,0.9849045221984528,1.2263118062588383e-21,2.8875365205513342e-21,8.936182712091501e-23,0.99999997867178,0.270329069484192,1.59942577801157e-28,3.1437787896692645e-27,1.301447928506993e-32,HV,-1,0,0
717916,1.28,0.9849045221984528,0.9999999999999998,5.165007853947322e-22,1.5617752839811438e-20,6.74314886880196e-21,0.270329069484192,0.22823192819157445,1.59942577801157e-28,3.7809826290466427e-25,8.936182712091501e-23,HV,-1,0,0
764019,1.16,0.9999999999999998,0.0023728159574303693,8.174068160010661e-20,1.2263118062588383e-21,1.8472470418103187e-19,0.22823192819157445,0.1912773309665048,1.1751744523287492e-27,5.137489589866043e-36,5.8229685535173e-29,HV,-1,0,0
